"year","round","game","home_score","away_score","Home_TeamID","Away_TeamID"
2015,"first",3,91,83,"BKN-2015","ATL-2015"
2016,"first",4,104,95,"BOS-2016","ATL-2016"
2021,"second",7,96,103,"PHI-2021","ATL-2021"
2012,"first",6,83,80,"BOS-2012","ATL-2012"
2016,"second",1,104,93,"CLE-2016","ATL-2016"
2008,"first",5,110,85,"BOS-2008","ATL-2008"
2015,"second",3,103,101,"WAS-2015","ATL-2015"
2017,"first",1,114,107,"WAS-2017","ATL-2017"
2017,"first",2,109,101,"WAS-2017","ATL-2017"
2011,"second",5,95,83,"CHI-2011","ATL-2011"
2011,"second",2,86,73,"CHI-2011","ATL-2011"
2010,"first",4,111,104,"MIL-2010","ATL-2010"
2016,"first",3,111,103,"BOS-2016","ATL-2016"
2013,"first",5,106,83,"IND-2013","ATL-2013"
2013,"first",1,107,90,"IND-2013","ATL-2013"
2021,"first",5,89,103,"NYK-2021","ATL-2021"
2015,"third",3,114,111,"CLE-2015","ATL-2015"
2016,"second",2,123,98,"CLE-2016","ATL-2016"
2015,"second",4,101,106,"WAS-2015","ATL-2015"
2008,"first",7,99,65,"BOS-2008","ATL-2008"
2009,"second",1,99,72,"CLE-2009","ATL-2009"
2009,"second",2,105,85,"CLE-2009","ATL-2009"
2011,"first",1,93,103,"ORL-2011","ATL-2011"
2021,"second",2,118,102,"PHI-2021","ATL-2021"
2014,"first",1,93,101,"IND-2014","ATL-2014"
2011,"second",1,95,103,"CHI-2011","ATL-2011"
2010,"first",6,69,83,"MIL-2010","ATL-2010"
2014,"first",2,101,85,"IND-2014","ATL-2014"
2016,"first",6,92,104,"BOS-2016","ATL-2016"
2015,"second",6,91,94,"WAS-2015","ATL-2015"
2013,"first",2,113,98,"IND-2013","ATL-2013"
2021,"third",1,113,116,"MIL-2021","ATL-2021"
2009,"first",3,107,78,"MIA-2009","ATL-2009"
2015,"first",6,87,111,"BKN-2015","ATL-2015"
2008,"first",2,96,77,"BOS-2008","ATL-2008"
2021,"first",2,101,92,"NYK-2021","ATL-2021"
2021,"second",1,124,128,"PHI-2021","ATL-2021"
2012,"first",4,101,79,"BOS-2012","ATL-2012"
2010,"second",1,114,71,"ORL-2010","ATL-2010"
2010,"second",2,112,98,"ORL-2010","ATL-2010"
2010,"first",3,107,89,"MIL-2010","ATL-2010"
2011,"first",5,101,76,"ORL-2011","ATL-2011"
2014,"first",7,92,80,"IND-2014","ATL-2014"
2015,"first",4,120,115,"BKN-2015","ATL-2015"
2014,"first",5,97,107,"IND-2014","ATL-2014"
2012,"first",3,90,84,"BOS-2012","ATL-2012"
2008,"first",1,104,81,"BOS-2008","ATL-2008"
2009,"first",6,98,72,"MIA-2009","ATL-2009"
2021,"second",5,106,109,"PHI-2021","ATL-2021"
2021,"third",2,125,91,"MIL-2021","ATL-2021"
2015,"third",4,118,88,"CLE-2015","ATL-2015"
2021,"third",5,123,112,"MIL-2021","ATL-2021"
2017,"first",5,103,99,"WAS-2017","ATL-2017"
2021,"first",1,105,107,"NYK-2021","ATL-2021"
2011,"first",2,88,82,"ORL-2011","ATL-2011"
2009,"first",4,71,81,"MIA-2009","ATL-2009"
2018,"first",6,97,86,"MIL-2018","BOS-2018"
2015,"first",1,113,100,"CLE-2015","BOS-2015"
2012,"third",2,115,111,"MIA-2012","BOS-2012"
2009,"first",3,86,107,"CHI-2009","BOS-2009"
2018,"third",6,109,99,"CLE-2018","BOS-2018"
2008,"second",4,88,77,"CLE-2008","BOS-2008"
2010,"second",2,86,104,"CLE-2010","BOS-2010"
2019,"second",1,90,112,"MIL-2019","BOS-2019"
2010,"third",2,92,95,"ORL-2010","BOS-2010"
2012,"first",2,80,87,"ATL-2012","BOS-2012"
2008,"third",6,81,89,"DET-2008","BOS-2008"
2019,"first",4,106,110,"IND-2019","BOS-2019"
2021,"first",2,130,108,"BKN-2021","BOS-2021"
2012,"third",5,90,94,"MIA-2012","BOS-2012"
2008,"final",3,87,81,"LAL-2008","BOS-2008"
2017,"second",6,92,91,"WAS-2017","BOS-2017"
2021,"first",5,123,109,"BKN-2021","BOS-2021"
2013,"first",5,86,92,"NYK-2013","BOS-2013"
2018,"second",4,103,92,"PHI-2018","BOS-2018"
2010,"final",1,102,89,"LAL-2010","BOS-2010"
2021,"first",1,104,93,"BKN-2021","BOS-2021"
2020,"third",6,125,113,"MIA-2020","BOS-2020"
2009,"first",4,121,118,"CHI-2009","BOS-2009"
2010,"second",5,88,120,"CLE-2010","BOS-2010"
2020,"second",5,89,111,"TOR-2020","BOS-2020"
2017,"second",3,116,89,"WAS-2017","BOS-2017"
2009,"first",6,128,127,"CHI-2009","BOS-2009"
2017,"third",4,112,99,"CLE-2017","BOS-2017"
2017,"second",4,121,102,"WAS-2017","BOS-2017"
2018,"first",4,104,102,"MIL-2018","BOS-2018"
2011,"second",1,99,90,"MIA-2011","BOS-2011"
2018,"third",4,111,102,"CLE-2018","BOS-2018"
2018,"third",3,116,86,"CLE-2018","BOS-2018"
2018,"second",3,98,101,"PHI-2018","BOS-2018"
2016,"first",1,102,101,"ATL-2016","BOS-2016"
2010,"final",6,89,67,"LAL-2010","BOS-2010"
2009,"second",4,94,95,"ORL-2009","BOS-2009"
2012,"first",1,83,74,"ATL-2012","BOS-2012"
2012,"third",7,101,88,"MIA-2012","BOS-2012"
2012,"second",6,82,75,"PHI-2012","BOS-2012"
2009,"second",6,83,75,"ORL-2009","BOS-2009"
2018,"first",3,116,92,"MIL-2018","BOS-2018"
2010,"third",1,88,92,"ORL-2010","BOS-2010"
2011,"second",2,102,91,"MIA-2011","BOS-2011"
2008,"second",3,108,84,"CLE-2008","BOS-2008"
2010,"final",2,94,103,"LAL-2010","BOS-2010"
2019,"second",5,116,91,"MIL-2019","BOS-2019"
2010,"final",7,83,79,"LAL-2010","BOS-2010"
2012,"second",4,92,83,"PHI-2012","BOS-2012"
2019,"second",2,123,102,"MIL-2019","BOS-2019"
2020,"third",4,112,109,"MIA-2020","BOS-2020"
2012,"first",5,87,86,"ATL-2012","BOS-2012"
2009,"second",3,117,96,"ORL-2009","BOS-2009"
2008,"second",6,74,69,"CLE-2008","BOS-2008"
2012,"second",3,91,107,"PHI-2012","BOS-2012"
2010,"first",3,98,100,"MIA-2010","BOS-2010"
2020,"third",3,106,117,"MIA-2020","BOS-2020"
2020,"first",4,106,110,"PHI-2020","BOS-2020"
2015,"first",2,99,91,"CLE-2015","BOS-2015"
2016,"first",5,110,83,"ATL-2016","BOS-2016"
2017,"third",3,108,111,"CLE-2017","BOS-2017"
2008,"final",5,103,98,"LAL-2008","BOS-2008"
2020,"second",2,99,102,"TOR-2020","BOS-2020"
2016,"first",2,89,72,"ATL-2016","BOS-2016"
2008,"third",4,94,75,"DET-2008","BOS-2008"
2008,"first",6,103,100,"ATL-2008","BOS-2008"
2010,"third",5,113,92,"ORL-2010","BOS-2010"
2019,"first",3,96,104,"IND-2019","BOS-2019"
2008,"first",4,97,92,"ATL-2008","BOS-2008"
2008,"third",3,80,94,"DET-2008","BOS-2008"
2017,"first",3,87,104,"CHI-2017","BOS-2017"
2017,"first",6,83,105,"CHI-2017","BOS-2017"
2008,"first",3,102,93,"ATL-2008","BOS-2008"
2020,"second",1,94,112,"TOR-2020","BOS-2020"
2012,"third",1,93,79,"MIA-2012","BOS-2012"
2020,"first",3,94,102,"PHI-2020","BOS-2020"
2010,"first",4,101,92,"MIA-2010","BOS-2010"
2013,"first",2,87,71,"NYK-2013","BOS-2013"
2013,"first",1,85,78,"NYK-2013","BOS-2013"
2017,"first",4,95,104,"CHI-2017","BOS-2017"
2011,"first",4,89,101,"NYK-2011","BOS-2011"
2020,"second",7,87,92,"TOR-2020","BOS-2020"
2010,"second",1,101,93,"CLE-2010","BOS-2010"
2011,"second",5,97,87,"MIA-2011","BOS-2011"
2008,"final",4,91,97,"LAL-2008","BOS-2008"
2011,"first",3,96,113,"NYK-2011","BOS-2011"
2021,"second",3,86,83,"MIL-2021","BKN-2021"
2013,"first",4,142,134,"CHI-2013","BKN-2013"
2020,"first",2,104,99,"TOR-2020","BKN-2020"
2021,"second",4,107,96,"MIL-2021","BKN-2021"
2015,"first",2,96,91,"ATL-2015","BKN-2015"
2021,"first",3,125,119,"BOS-2021","BKN-2021"
2020,"first",1,134,110,"TOR-2020","BKN-2020"
2019,"first",5,122,100,"PHI-2019","BKN-2019"
2015,"first",5,107,97,"ATL-2015","BKN-2015"
2019,"first",1,102,111,"PHI-2019","BKN-2019"
2013,"first",6,92,95,"CHI-2013","BKN-2013"
2014,"second",2,94,82,"MIA-2014","BKN-2014"
2014,"first",7,103,104,"TOR-2014","BKN-2014"
2021,"second",6,104,89,"MIL-2021","BKN-2021"
2013,"first",3,79,76,"CHI-2013","BKN-2013"
2014,"first",1,87,94,"TOR-2014","BKN-2014"
2019,"first",2,145,123,"PHI-2019","BKN-2019"
2014,"second",5,96,94,"MIA-2014","BKN-2014"
2015,"first",1,99,92,"ATL-2015","BKN-2015"
2014,"second",1,107,86,"MIA-2014","BKN-2014"
2021,"first",4,126,141,"BOS-2021","BKN-2021"
2014,"first",5,115,113,"TOR-2014","BKN-2014"
2014,"first",2,100,95,"TOR-2014","BKN-2014"
2014,"first",2,101,97,"MIA-2014","CHA-2014"
2010,"first",2,92,77,"ORL-2010","CHA-2010"
2010,"first",1,98,89,"ORL-2010","CHA-2010"
2014,"first",1,99,88,"MIA-2014","CHA-2014"
2016,"first",7,106,73,"MIA-2016","CHA-2016"
2016,"first",5,88,90,"MIA-2016","CHA-2016"
2016,"first",1,123,91,"MIA-2016","CHA-2016"
2016,"first",2,115,103,"MIA-2016","CHA-2016"
2013,"first",5,110,91,"BKN-2013","CHI-2013"
2014,"first",4,98,89,"WAS-2014","CHI-2014"
2015,"second",5,106,101,"CLE-2015","CHI-2015"
2013,"second",5,94,91,"MIA-2013","CHI-2013"
2012,"first",4,89,82,"PHI-2012","CHI-2012"
2013,"first",7,93,99,"BKN-2013","CHI-2013"
2007,"second",2,108,87,"DET-2007","CHI-2007"
2007,"first",3,96,104,"MIA-2007","CHI-2007"
2010,"first",1,96,83,"CLE-2010","CHI-2010"
2014,"first",3,97,100,"WAS-2014","CHI-2014"
2015,"first",4,92,90,"MIL-2015","CHI-2015"
2017,"first",1,102,106,"BOS-2017","CHI-2017"
2011,"second",4,100,88,"ATL-2011","CHI-2011"
2011,"first",3,84,88,"IND-2011","CHI-2011"
2017,"first",2,97,111,"BOS-2017","CHI-2017"
2011,"second",3,82,99,"ATL-2011","CHI-2011"
2011,"third",4,101,93,"MIA-2011","CHI-2011"
2011,"third",3,96,85,"MIA-2011","CHI-2011"
2010,"first",2,112,102,"CLE-2010","CHI-2010"
2012,"first",3,79,74,"PHI-2012","CHI-2012"
2010,"first",5,96,94,"CLE-2010","CHI-2010"
2013,"first",1,106,89,"BKN-2013","CHI-2013"
2009,"first",7,109,99,"BOS-2009","CHI-2009"
2011,"first",4,89,84,"IND-2011","CHI-2011"
2011,"second",6,73,93,"ATL-2011","CHI-2011"
2007,"first",4,79,92,"MIA-2007","CHI-2007"
2009,"first",1,103,105,"BOS-2009","CHI-2009"
2013,"second",2,115,78,"MIA-2013","CHI-2013"
2009,"first",5,106,104,"BOS-2009","CHI-2009"
2007,"second",5,92,108,"DET-2007","CHI-2007"
2017,"first",5,108,97,"BOS-2017","CHI-2017"
2015,"first",3,106,113,"MIL-2015","CHI-2015"
2013,"first",2,82,90,"BKN-2013","CHI-2013"
2012,"first",6,79,78,"PHI-2012","CHI-2012"
2015,"first",6,66,120,"MIL-2015","CHI-2015"
2009,"first",2,118,115,"BOS-2009","CHI-2009"
2007,"second",1,95,69,"DET-2007","CHI-2007"
2013,"second",1,86,93,"MIA-2013","CHI-2013"
2015,"second",2,106,91,"CLE-2015","CHI-2015"
2015,"second",1,92,99,"CLE-2015","CHI-2015"
2016,"second",4,99,100,"ATL-2016","CLE-2016"
2018,"final",1,124,114,"GSW-2018","CLE-2018"
2017,"final",2,132,113,"GSW-2017","CLE-2017"
2015,"final",2,93,95,"GSW-2015","CLE-2015"
2007,"third",5,107,109,"DET-2007","CLE-2007"
2008,"second",7,97,92,"BOS-2008","CLE-2008"
2009,"third",4,116,114,"ORL-2009","CLE-2009"
2009,"second",4,74,84,"ATL-2009","CLE-2009"
2018,"third",2,107,94,"BOS-2018","CLE-2018"
2009,"first",4,78,99,"DET-2009","CLE-2009"
2007,"first",3,92,98,"WAS-2007","CLE-2007"
2016,"third",6,87,113,"TOR-2016","CLE-2016"
2018,"third",7,79,87,"BOS-2018","CLE-2018"
2016,"first",4,98,100,"DET-2016","CLE-2016"
2009,"first",3,68,79,"DET-2009","CLE-2009"
2008,"first",3,108,72,"WAS-2008","CLE-2008"
2018,"second",1,112,113,"TOR-2018","CLE-2018"
2015,"third",2,82,94,"ATL-2015","CLE-2015"
2018,"second",2,110,128,"TOR-2018","CLE-2018"
2010,"second",6,94,85,"BOS-2010","CLE-2010"
2018,"third",1,108,83,"BOS-2018","CLE-2018"
2016,"final",7,89,93,"GSW-2016","CLE-2016"
2017,"third",2,86,130,"BOS-2017","CLE-2017"
2007,"third",1,79,76,"DET-2007","CLE-2007"
2008,"second",1,76,72,"BOS-2008","CLE-2008"
2015,"final",1,108,100,"GSW-2015","CLE-2015"
2009,"third",6,103,90,"ORL-2009","CLE-2009"
2016,"final",2,110,77,"GSW-2016","CLE-2016"
2016,"third",3,99,84,"TOR-2016","CLE-2016"
2015,"third",1,89,97,"ATL-2015","CLE-2015"
2007,"final",1,85,76,"SAS-2007","CLE-2007"
2010,"second",4,97,87,"BOS-2010","CLE-2010"
2016,"second",3,108,121,"ATL-2016","CLE-2016"
2015,"final",5,104,91,"GSW-2015","CLE-2015"
2015,"first",3,95,103,"BOS-2015","CLE-2015"
2015,"second",6,73,94,"CHI-2015","CLE-2015"
2008,"first",4,97,100,"WAS-2008","CLE-2008"
2007,"first",4,90,97,"WAS-2007","CLE-2007"
2017,"second",4,102,109,"TOR-2017","CLE-2017"
2010,"first",4,98,121,"CHI-2010","CLE-2010"
2017,"third",1,104,117,"BOS-2017","CLE-2017"
2017,"first",4,102,106,"IND-2017","CLE-2017"
2017,"third",5,102,135,"BOS-2017","CLE-2017"
2017,"second",3,94,115,"TOR-2017","CLE-2017"
2016,"first",3,91,101,"DET-2016","CLE-2016"
2016,"final",5,97,112,"GSW-2016","CLE-2016"
2010,"second",3,95,124,"BOS-2010","CLE-2010"
2015,"first",4,93,101,"BOS-2015","CLE-2015"
2007,"final",2,103,92,"SAS-2007","CLE-2007"
2007,"second",3,96,85,"BKN-2007","CLE-2007"
2017,"final",5,129,120,"GSW-2017","CLE-2017"
2018,"first",6,121,87,"IND-2018","CLE-2018"
2018,"first",3,92,90,"IND-2018","CLE-2018"
2009,"third",3,99,89,"ORL-2009","CLE-2009"
2017,"final",1,113,91,"GSW-2017","CLE-2017"
2010,"first",3,108,106,"CHI-2010","CLE-2010"
2008,"second",5,96,89,"BOS-2008","CLE-2008"
2018,"first",4,100,104,"IND-2018","CLE-2018"
2009,"second",3,82,97,"ATL-2009","CLE-2009"
2008,"second",2,89,73,"BOS-2008","CLE-2008"
2017,"first",3,114,119,"IND-2017","CLE-2017"
2007,"second",4,85,87,"BKN-2007","CLE-2007"
2007,"third",2,79,76,"DET-2007","CLE-2007"
2016,"third",4,105,99,"TOR-2016","CLE-2016"
2016,"final",1,104,89,"GSW-2016","CLE-2016"
2015,"second",4,84,86,"CHI-2015","CLE-2015"
2018,"third",5,96,83,"BOS-2018","CLE-2018"
2007,"second",6,72,88,"BKN-2007","CLE-2007"
2008,"first",6,88,105,"WAS-2008","CLE-2008"
2018,"final",2,122,103,"GSW-2018","CLE-2018"
2015,"second",3,99,96,"CHI-2015","CLE-2015"
2009,"second",2,117,105,"DEN-2009","DAL-2009"
2021,"first",7,126,111,"LAC-2021","DAL-2021"
2007,"first",3,109,91,"GSW-2007","DAL-2007"
2016,"first",2,84,85,"OKC-2016","DAL-2016"
2010,"first",6,97,87,"SAS-2010","DAL-2010"
2012,"first",1,99,98,"OKC-2012","DAL-2012"
2008,"first",2,127,103,"NOP-2008","DAL-2008"
2021,"first",5,100,105,"LAC-2021","DAL-2021"
2020,"first",5,154,111,"LAC-2020","DAL-2020"
2011,"final",1,92,84,"MIA-2011","DAL-2011"
2011,"first",4,84,82,"POR-2011","DAL-2011"
2009,"first",1,97,105,"SAS-2009","DAL-2009"
2011,"final",6,95,105,"MIA-2011","DAL-2011"
2010,"first",3,94,90,"SAS-2010","DAL-2010"
2014,"first",7,119,96,"SAS-2014","DAL-2014"
2012,"first",2,102,99,"OKC-2012","DAL-2012"
2011,"final",2,93,95,"MIA-2011","DAL-2011"
2016,"first",1,108,70,"OKC-2016","DAL-2016"
2009,"first",5,93,106,"SAS-2009","DAL-2009"
2016,"first",5,118,104,"OKC-2016","DAL-2016"
2011,"third",3,87,93,"OKC-2011","DAL-2011"
2009,"first",2,105,84,"SAS-2009","DAL-2009"
2011,"second",1,94,96,"LAL-2011","DAL-2011"
2011,"second",2,81,93,"LAL-2011","DAL-2011"
2014,"first",2,92,113,"SAS-2014","DAL-2014"
2021,"first",2,121,127,"LAC-2021","DAL-2021"
2009,"second",5,124,110,"DEN-2009","DAL-2009"
2011,"first",3,97,92,"POR-2011","DAL-2011"
2011,"third",4,105,112,"OKC-2011","DAL-2011"
2015,"first",2,111,99,"HOU-2015","DAL-2015"
2010,"first",4,92,89,"SAS-2010","DAL-2010"
2007,"first",6,111,86,"GSW-2007","DAL-2007"
2007,"first",4,103,99,"GSW-2007","DAL-2007"
2021,"first",1,103,113,"LAC-2021","DAL-2021"
2014,"first",1,90,85,"SAS-2014","DAL-2014"
2020,"first",2,114,127,"LAC-2020","DAL-2020"
2008,"first",5,99,94,"NOP-2008","DAL-2008"
2011,"first",6,96,103,"POR-2011","DAL-2011"
2014,"first",5,109,103,"SAS-2014","DAL-2014"
2020,"first",1,118,110,"LAC-2020","DAL-2020"
2015,"first",5,103,94,"HOU-2015","DAL-2015"
2008,"first",1,104,92,"NOP-2008","DAL-2008"
2015,"first",1,118,108,"HOU-2015","DAL-2015"
2009,"second",1,109,95,"DEN-2009","DAL-2009"
2020,"first",4,129,127,"UTA-2020","DEN-2020"
2012,"first",7,96,87,"LAL-2012","DEN-2012"
2013,"first",3,110,108,"GSW-2013","DEN-2013"
2009,"second",4,119,117,"DAL-2009","DEN-2009"
2020,"first",3,124,87,"UTA-2020","DEN-2020"
2019,"second",4,112,116,"POR-2019","DEN-2019"
2019,"first",6,120,103,"SAS-2019","DEN-2019"
2009,"second",3,105,106,"DAL-2009","DEN-2009"
2010,"first",6,112,104,"UTA-2010","DEN-2010"
2020,"third",1,126,114,"LAL-2020","DEN-2020"
2020,"second",2,101,110,"LAC-2020","DEN-2020"
2010,"first",4,117,106,"UTA-2010","DEN-2010"
2021,"first",4,115,95,"POR-2021","DEN-2021"
2020,"first",6,107,119,"UTA-2020","DEN-2020"
2007,"first",1,89,95,"SAS-2007","DEN-2007"
2008,"first",1,128,114,"LAL-2008","DEN-2008"
2011,"first",2,106,89,"OKC-2011","DEN-2011"
2009,"first",3,95,93,"NOP-2009","DEN-2009"
2019,"second",6,119,108,"POR-2019","DEN-2019"
2009,"third",1,105,103,"LAL-2009","DEN-2009"
2013,"first",6,92,88,"GSW-2013","DEN-2013"
2009,"first",4,63,121,"NOP-2009","DEN-2009"
2011,"first",1,107,103,"OKC-2011","DEN-2011"
2019,"second",3,140,137,"POR-2019","DEN-2019"
2020,"second",7,89,104,"LAC-2020","DEN-2020"
2021,"second",2,123,98,"PHX-2021","DEN-2021"
2019,"first",3,118,108,"SAS-2019","DEN-2019"
2012,"first",2,104,100,"LAL-2012","DEN-2012"
2009,"third",2,103,106,"LAL-2009","DEN-2009"
2019,"first",4,103,117,"SAS-2019","DEN-2019"
2012,"first",5,99,102,"LAL-2012","DEN-2012"
2020,"second",5,105,111,"LAC-2020","DEN-2020"
2021,"second",1,122,105,"PHX-2021","DEN-2021"
2007,"first",5,93,78,"SAS-2007","DEN-2007"
2013,"first",4,115,101,"GSW-2013","DEN-2013"
2008,"first",2,122,107,"LAL-2008","DEN-2008"
2020,"second",1,120,97,"LAC-2020","DEN-2020"
2020,"third",2,105,103,"LAL-2020","DEN-2020"
2007,"first",2,97,88,"SAS-2007","DEN-2007"
2012,"first",1,103,88,"LAL-2012","DEN-2012"
2020,"third",5,117,107,"LAL-2020","DEN-2020"
2011,"first",5,100,97,"OKC-2011","DEN-2011"
2010,"first",3,105,93,"UTA-2010","DEN-2010"
2021,"first",3,115,120,"POR-2021","DEN-2021"
2009,"third",5,103,94,"LAL-2009","DEN-2009"
2021,"first",6,115,126,"POR-2021","DEN-2021"
2008,"first",4,84,93,"PHI-2008","DET-2008"
2008,"third",5,106,102,"BOS-2008","DET-2008"
2007,"third",6,98,82,"CLE-2007","DET-2007"
2007,"third",3,88,82,"CLE-2007","DET-2007"
2007,"first",4,93,97,"ORL-2007","DET-2007"
2007,"first",3,77,93,"ORL-2007","DET-2007"
2019,"first",2,120,99,"MIL-2019","DET-2019"
2008,"first",6,77,100,"PHI-2008","DET-2008"
2007,"second",4,102,87,"CHI-2007","DET-2007"
2008,"first",3,95,75,"PHI-2008","DET-2008"
2009,"first",1,102,84,"CLE-2009","DET-2009"
2008,"third",1,88,79,"BOS-2008","DET-2008"
2009,"first",2,94,82,"CLE-2009","DET-2009"
2008,"second",4,89,90,"ORL-2008","DET-2008"
2007,"second",6,85,95,"CHI-2007","DET-2007"
2019,"first",1,121,86,"MIL-2019","DET-2019"
2016,"first",1,106,101,"CLE-2016","DET-2016"
2007,"second",3,74,81,"CHI-2007","DET-2007"
2008,"third",2,97,103,"BOS-2008","DET-2008"
2008,"second",3,111,86,"ORL-2008","DET-2008"
2016,"first",2,107,90,"CLE-2016","DET-2016"
2007,"third",4,91,87,"CLE-2007","DET-2007"
2018,"final",4,85,108,"CLE-2018","GSW-2018"
2017,"third",4,115,129,"SAS-2017","GSW-2017"
2015,"final",4,82,103,"CLE-2015","GSW-2015"
2013,"second",5,109,91,"SAS-2013","GSW-2013"
2016,"third",6,101,108,"OKC-2016","GSW-2016"
2019,"final",2,104,109,"TOR-2019","GSW-2019"
2007,"first",2,112,99,"DAL-2007","GSW-2007"
2017,"final",3,113,118,"CLE-2017","GSW-2017"
2013,"first",2,117,131,"DEN-2013","GSW-2013"
2017,"first",3,113,119,"POR-2017","GSW-2017"
2007,"first",5,118,112,"DAL-2007","GSW-2007"
2016,"final",6,115,101,"CLE-2016","GSW-2016"
2007,"second",5,100,87,"UTA-2007","GSW-2007"
2019,"second",4,112,108,"HOU-2019","GSW-2019"
2013,"second",2,91,100,"SAS-2013","GSW-2013"
2018,"third",1,106,119,"HOU-2018","GSW-2018"
2019,"third",3,99,110,"POR-2019","GSW-2019"
2015,"second",4,84,101,"MEM-2015","GSW-2015"
2016,"second",4,125,132,"POR-2016","GSW-2016"
2019,"final",5,105,106,"TOR-2019","GSW-2019"
2017,"first",4,103,128,"POR-2017","GSW-2017"
2015,"third",4,128,115,"HOU-2015","GSW-2015"
2015,"first",4,98,109,"NOP-2015","GSW-2015"
2018,"second",3,119,100,"NOP-2018","GSW-2018"
2017,"second",4,95,121,"UTA-2017","GSW-2017"
2007,"second",1,116,112,"UTA-2007","GSW-2007"
2017,"second",3,91,102,"UTA-2017","GSW-2017"
2007,"first",1,85,97,"DAL-2007","GSW-2007"
2019,"first",6,110,129,"LAC-2019","GSW-2019"
2017,"final",4,137,116,"CLE-2017","GSW-2017"
2007,"second",2,127,117,"UTA-2007","GSW-2007"
2014,"first",7,126,121,"LAC-2014","GSW-2014"
2016,"third",3,133,105,"OKC-2016","GSW-2016"
2013,"first",1,97,95,"DEN-2013","GSW-2013"
2016,"first",4,94,121,"HOU-2016","GSW-2016"
2019,"second",6,113,118,"HOU-2019","GSW-2019"
2015,"final",6,97,105,"CLE-2015","GSW-2015"
2018,"first",3,97,110,"SAS-2018","GSW-2018"
2019,"final",1,118,109,"TOR-2019","GSW-2019"
2018,"final",3,102,110,"CLE-2018","GSW-2018"
2015,"third",3,80,115,"HOU-2015","GSW-2015"
2019,"first",4,105,113,"LAC-2019","GSW-2019"
2018,"first",4,103,90,"SAS-2018","GSW-2018"
2016,"first",3,97,96,"HOU-2016","GSW-2016"
2018,"third",2,127,105,"HOU-2018","GSW-2018"
2018,"third",5,98,94,"HOU-2018","GSW-2018"
2013,"first",5,107,100,"DEN-2013","GSW-2013"
2013,"second",1,129,127,"SAS-2013","GSW-2013"
2019,"third",4,117,119,"POR-2019","GSW-2019"
2015,"final",3,96,91,"CLE-2015","GSW-2015"
2019,"second",3,126,121,"HOU-2019","GSW-2019"
2014,"first",2,138,98,"LAC-2014","GSW-2014"
2019,"first",3,105,132,"LAC-2019","GSW-2019"
2016,"third",4,118,94,"OKC-2016","GSW-2016"
2016,"final",3,120,90,"CLE-2016","GSW-2016"
2016,"final",4,97,108,"CLE-2016","GSW-2016"
2017,"third",3,108,120,"SAS-2017","GSW-2017"
2014,"first",5,113,103,"LAC-2014","GSW-2014"
2015,"first",3,119,123,"NOP-2015","GSW-2015"
2018,"third",7,92,101,"HOU-2018","GSW-2018"
2015,"second",6,95,108,"MEM-2015","GSW-2015"
2016,"second",3,120,108,"POR-2016","GSW-2016"
2015,"second",3,99,89,"MEM-2015","GSW-2015"
2014,"first",1,105,109,"LAC-2014","GSW-2014"
2018,"second",4,92,118,"NOP-2018","GSW-2018"
2018,"second",4,87,100,"UTA-2018","HOU-2018"
2015,"third",1,110,106,"GSW-2015","HOU-2015"
2009,"first",1,81,108,"POR-2009","HOU-2009"
2017,"first",4,109,113,"OKC-2017","HOU-2017"
2018,"third",6,115,86,"GSW-2018","HOU-2018"
2015,"second",3,124,99,"LAC-2015","HOU-2015"
2013,"first",1,120,91,"OKC-2013","HOU-2013"
2015,"third",2,99,98,"GSW-2015","HOU-2015"
2018,"second",3,92,113,"UTA-2018","HOU-2018"
2017,"second",1,99,126,"SAS-2017","HOU-2017"
2007,"first",4,98,85,"UTA-2007","HOU-2007"
2009,"second",7,89,70,"LAL-2009","HOU-2009"
2020,"second",1,97,112,"LAL-2020","HOU-2020"
2019,"first",3,101,104,"UTA-2019","HOU-2019"
2007,"first",6,94,82,"UTA-2007","HOU-2007"
2009,"second",1,92,100,"LAL-2009","HOU-2009"
2019,"first",4,107,91,"UTA-2019","HOU-2019"
2008,"first",6,113,91,"UTA-2008","HOU-2008"
2014,"first",4,123,120,"POR-2014","HOU-2014"
2015,"third",5,104,90,"GSW-2015","HOU-2015"
2017,"second",2,121,96,"SAS-2017","HOU-2017"
2016,"first",5,114,81,"GSW-2016","HOU-2016"
2018,"first",3,121,105,"MIN-2018","HOU-2018"
2009,"first",5,88,77,"POR-2009","HOU-2009"
2009,"second",5,118,78,"LAL-2009","HOU-2009"
2020,"first",6,104,100,"OKC-2020","HOU-2020"
2014,"first",3,116,121,"POR-2014","HOU-2014"
2015,"first",3,128,130,"DAL-2015","HOU-2015"
2019,"second",5,104,99,"GSW-2019","HOU-2019"
2016,"first",1,104,78,"GSW-2016","HOU-2016"
2018,"third",4,92,95,"GSW-2018","HOU-2018"
2015,"first",4,121,109,"DAL-2015","HOU-2015"
2019,"second",2,115,109,"GSW-2019","HOU-2019"
2020,"second",2,117,109,"LAL-2020","HOU-2020"
2019,"second",1,104,100,"GSW-2019","HOU-2019"
2009,"second",2,111,98,"LAL-2009","HOU-2009"
2018,"third",3,126,85,"GSW-2018","HOU-2018"
2018,"first",4,100,119,"MIN-2018","HOU-2018"
2013,"first",2,105,102,"OKC-2013","HOU-2013"
2013,"first",5,100,107,"OKC-2013","HOU-2013"
2016,"first",2,115,106,"GSW-2016","HOU-2016"
2020,"first",4,117,114,"OKC-2020","HOU-2020"
2015,"second",6,107,119,"LAC-2015","HOU-2015"
2017,"first",3,115,113,"OKC-2017","HOU-2017"
2020,"second",5,119,96,"LAL-2020","HOU-2020"
2015,"second",4,128,95,"LAC-2015","HOU-2015"
2007,"first",3,81,67,"UTA-2007","HOU-2007"
2008,"first",3,92,94,"UTA-2008","HOU-2008"
2017,"second",5,110,107,"SAS-2017","HOU-2017"
2014,"first",6,99,98,"POR-2014","HOU-2014"
2009,"first",2,107,103,"POR-2009","HOU-2009"
2008,"first",4,86,82,"UTA-2008","HOU-2008"
2020,"first",3,119,107,"OKC-2020","HOU-2020"
2013,"third",7,99,76,"MIA-2013","IND-2013"
2019,"first",1,84,74,"BOS-2019","IND-2019"
2020,"first",4,99,87,"MIA-2020","IND-2020"
2014,"third",4,102,90,"MIA-2014","IND-2014"
2017,"first",1,109,108,"CLE-2017","IND-2017"
2014,"second",6,80,93,"WAS-2014","IND-2014"
2011,"first",5,116,89,"CHI-2011","IND-2011"
2013,"second",1,95,102,"NYK-2013","IND-2013"
2011,"first",2,96,90,"CHI-2011","IND-2011"
2014,"third",6,117,92,"MIA-2014","IND-2014"
2014,"second",4,92,95,"WAS-2014","IND-2014"
2014,"first",6,88,95,"ATL-2014","IND-2014"
2012,"first",4,99,101,"ORL-2012","IND-2012"
2014,"third",3,99,87,"MIA-2014","IND-2014"
2016,"first",1,90,100,"TOR-2016","IND-2016"
2016,"first",7,89,84,"TOR-2016","IND-2016"
2014,"first",3,98,85,"ATL-2014","IND-2014"
2020,"first",3,124,115,"MIA-2020","IND-2020"
2018,"first",2,100,97,"CLE-2018","IND-2018"
2019,"first",2,99,91,"BOS-2019","IND-2019"
2013,"first",6,73,81,"ATL-2013","IND-2013"
2013,"third",2,93,97,"MIA-2013","IND-2013"
2016,"first",2,98,87,"TOR-2016","IND-2016"
2013,"second",2,105,79,"NYK-2013","IND-2013"
2014,"first",4,88,91,"ATL-2014","IND-2014"
2013,"third",5,90,79,"MIA-2013","IND-2013"
2018,"first",7,105,101,"CLE-2018","IND-2018"
2016,"first",5,102,99,"TOR-2016","IND-2016"
2013,"first",4,102,91,"ATL-2013","IND-2013"
2012,"second",5,115,83,"MIA-2012","IND-2012"
2012,"second",2,75,78,"MIA-2012","IND-2012"
2013,"third",1,103,102,"MIA-2013","IND-2013"
2014,"second",3,63,85,"WAS-2014","IND-2014"
2017,"first",2,117,111,"CLE-2017","IND-2017"
2013,"second",5,85,75,"NYK-2013","IND-2013"
2012,"second",1,95,86,"MIA-2012","IND-2012"
2013,"first",3,90,69,"ATL-2013","IND-2013"
2011,"first",1,104,99,"CHI-2011","IND-2011"
2018,"first",5,98,95,"CLE-2018","IND-2018"
2012,"first",3,74,97,"ORL-2012","IND-2012"
2018,"first",1,80,98,"CLE-2018","IND-2018"
2015,"second",7,113,100,"HOU-2015","LAC-2015"
2015,"first",3,100,73,"SAS-2015","LAC-2015"
2020,"first",3,122,130,"DAL-2020","LAC-2020"
2020,"first",6,97,111,"DAL-2020","LAC-2020"
2014,"second",2,112,101,"OKC-2014","LAC-2014"
2016,"first",3,96,88,"POR-2016","LAC-2016"
2012,"second",2,105,88,"SAS-2012","LAC-2012"
2014,"first",3,96,98,"GSW-2014","LAC-2014"
2020,"second",4,85,96,"DEN-2020","LAC-2020"
2013,"first",6,118,105,"MEM-2013","LAC-2013"
2017,"first",3,106,111,"UTA-2017","LAC-2017"
2016,"first",4,98,84,"POR-2016","LAC-2016"
2012,"first",7,72,82,"MEM-2012","LAC-2012"
2014,"second",1,105,122,"OKC-2014","LAC-2014"
2019,"first",5,121,129,"GSW-2019","LAC-2019"
2012,"second",1,108,92,"SAS-2012","LAC-2012"
2021,"second",2,117,111,"UTA-2021","LAC-2021"
2020,"first",4,135,133,"DAL-2020","LAC-2020"
2014,"second",5,105,104,"OKC-2014","LAC-2014"
2021,"second",5,111,119,"UTA-2021","LAC-2021"
2012,"first",2,105,98,"MEM-2012","LAC-2012"
2012,"first",5,92,80,"MEM-2012","LAC-2012"
2021,"first",3,108,118,"DAL-2021","LAC-2021"
2021,"first",6,97,104,"DAL-2021","LAC-2021"
2021,"third",5,102,116,"PHX-2021","LAC-2021"
2020,"second",3,107,113,"DEN-2020","LAC-2020"
2015,"first",4,105,114,"SAS-2015","LAC-2015"
2017,"first",4,105,98,"UTA-2017","LAC-2017"
2019,"first",1,121,104,"GSW-2019","LAC-2019"
2013,"first",4,104,83,"MEM-2013","LAC-2013"
2012,"first",1,98,99,"MEM-2012","LAC-2012"
2021,"second",1,112,109,"UTA-2021","LAC-2021"
2015,"second",2,115,109,"HOU-2015","LAC-2015"
2021,"third",1,120,114,"PHX-2021","LAC-2021"
2014,"first",4,118,97,"GSW-2014","LAC-2014"
2017,"first",6,93,98,"UTA-2017","LAC-2017"
2021,"first",4,81,106,"DAL-2021","LAC-2021"
2021,"third",2,104,103,"PHX-2021","LAC-2021"
2020,"second",6,111,98,"DEN-2020","LAC-2020"
2015,"second",1,101,117,"HOU-2015","LAC-2015"
2015,"second",5,124,103,"HOU-2015","LAC-2015"
2016,"first",6,106,103,"POR-2016","LAC-2016"
2015,"first",6,96,102,"SAS-2015","LAC-2015"
2019,"first",2,131,135,"GSW-2019","LAC-2019"
2014,"first",6,100,99,"GSW-2014","LAC-2014"
2013,"first",3,94,82,"MEM-2013","LAC-2013"
2020,"final",6,93,106,"MIA-2020","LAL-2020"
2009,"final",4,91,99,"ORL-2009","LAL-2009"
2008,"second",6,105,108,"UTA-2008","LAL-2008"
2011,"first",6,80,98,"NOP-2011","LAL-2011"
2008,"third",3,103,84,"SAS-2008","LAL-2008"
2010,"final",5,92,86,"BOS-2010","LAL-2010"
2007,"first",5,119,110,"PHX-2007","LAL-2007"
2007,"first",1,95,87,"PHX-2007","LAL-2007"
2009,"final",5,86,99,"ORL-2009","LAL-2009"
2009,"third",6,92,119,"DEN-2009","LAL-2009"
2009,"second",6,95,80,"HOU-2009","LAL-2009"
2020,"first",3,108,116,"POR-2020","LAL-2020"
2008,"final",1,98,88,"BOS-2008","LAL-2008"
2011,"first",3,86,100,"NOP-2011","LAL-2011"
2008,"final",6,131,92,"BOS-2008","LAL-2008"
2008,"second",4,123,115,"UTA-2008","LAL-2008"
2021,"first",1,99,90,"PHX-2021","LAL-2021"
2021,"first",2,102,109,"PHX-2021","LAL-2021"
2020,"final",4,96,102,"MIA-2020","LAL-2020"
2008,"third",4,91,93,"SAS-2008","LAL-2008"
2009,"third",4,120,101,"DEN-2009","LAL-2009"
2009,"second",3,94,108,"HOU-2009","LAL-2009"
2010,"second",3,110,111,"UTA-2010","LAL-2010"
2020,"final",3,115,104,"MIA-2020","LAL-2020"
2012,"second",5,106,90,"OKC-2012","LAL-2012"
2012,"second",2,77,75,"OKC-2012","LAL-2012"
2021,"first",5,115,85,"PHX-2021","LAL-2021"
2009,"first",4,94,108,"UTA-2009","LAL-2009"
2008,"second",3,104,99,"UTA-2008","LAL-2008"
2009,"final",3,108,104,"ORL-2009","LAL-2009"
2009,"third",3,97,103,"DEN-2009","LAL-2009"
2020,"second",3,102,112,"HOU-2020","LAL-2020"
2008,"first",4,101,107,"DEN-2008","LAL-2008"
2020,"second",4,100,110,"HOU-2020","LAL-2020"
2010,"third",3,118,109,"PHX-2010","LAL-2010"
2010,"final",4,96,89,"BOS-2010","LAL-2010"
2011,"first",4,93,88,"NOP-2011","LAL-2011"
2010,"first",6,94,95,"OKC-2010","LAL-2010"
2007,"first",2,126,98,"PHX-2007","LAL-2007"
2011,"second",3,98,92,"DAL-2011","LAL-2011"
2009,"second",4,99,87,"HOU-2009","LAL-2009"
2012,"first",4,88,92,"DEN-2012","LAL-2012"
2012,"first",6,113,96,"DEN-2012","LAL-2012"
2010,"final",3,84,91,"BOS-2010","LAL-2010"
2010,"second",4,96,111,"UTA-2010","LAL-2010"
2020,"third",4,108,114,"DEN-2020","LAL-2020"
2013,"first",1,91,79,"SAS-2013","LAL-2013"
2013,"first",2,102,91,"SAS-2013","LAL-2013"
2010,"third",6,103,111,"PHX-2010","LAL-2010"
2009,"first",3,88,86,"UTA-2009","LAL-2009"
2020,"third",3,114,106,"DEN-2020","LAL-2020"
2012,"first",3,99,84,"DEN-2012","LAL-2012"
2008,"final",2,108,102,"BOS-2008","LAL-2008"
2012,"second",1,119,90,"OKC-2012","LAL-2012"
2010,"first",3,101,96,"OKC-2010","LAL-2010"
2010,"first",4,110,89,"OKC-2010","LAL-2010"
2011,"second",4,122,86,"DAL-2011","LAL-2011"
2008,"first",3,84,102,"DEN-2008","LAL-2008"
2010,"third",4,115,106,"PHX-2010","LAL-2010"
2020,"first",4,115,135,"POR-2020","LAL-2020"
2011,"second",7,105,90,"OKC-2011","MEM-2011"
2016,"first",1,106,74,"SAS-2016","MEM-2016"
2012,"first",4,101,97,"LAC-2012","MEM-2012"
2015,"second",1,101,86,"GSW-2015","MEM-2015"
2015,"first",3,109,115,"POR-2015","MEM-2015"
2014,"first",7,120,109,"OKC-2014","MEM-2014"
2011,"second",1,101,114,"OKC-2011","MEM-2011"
2012,"first",6,88,90,"LAC-2012","MEM-2012"
2021,"first",2,141,129,"UTA-2021","MEM-2021"
2015,"first",4,99,92,"POR-2015","MEM-2015"
2016,"first",2,94,68,"SAS-2016","MEM-2016"
2013,"first",1,112,91,"LAC-2013","MEM-2013"
2021,"first",1,109,112,"UTA-2021","MEM-2021"
2013,"first",2,93,91,"LAC-2013","MEM-2013"
2015,"second",5,98,78,"GSW-2015","MEM-2015"
2017,"first",5,116,103,"SAS-2017","MEM-2017"
2015,"second",2,90,97,"GSW-2015","MEM-2015"
2014,"first",2,105,111,"OKC-2014","MEM-2014"
2013,"second",2,93,99,"OKC-2013","MEM-2013"
2014,"first",5,99,100,"OKC-2014","MEM-2014"
2017,"first",1,111,82,"SAS-2017","MEM-2017"
2011,"first",5,110,103,"SAS-2011","MEM-2011"
2011,"first",2,93,87,"SAS-2011","MEM-2011"
2021,"first",5,126,110,"UTA-2021","MEM-2021"
2017,"first",2,96,82,"SAS-2017","MEM-2017"
2011,"second",2,111,102,"OKC-2011","MEM-2011"
2013,"second",5,84,88,"OKC-2013","MEM-2013"
2013,"third",2,93,89,"SAS-2013","MEM-2013"
2013,"second",1,93,91,"OKC-2013","MEM-2013"
2013,"first",5,93,103,"LAC-2013","MEM-2013"
2014,"first",1,100,86,"OKC-2014","MEM-2014"
2012,"first",3,87,86,"LAC-2012","MEM-2012"
2011,"first",1,98,101,"SAS-2011","MEM-2011"
2011,"second",5,99,72,"OKC-2011","MEM-2011"
2013,"third",1,105,83,"SAS-2013","MEM-2013"
2013,"third",6,91,77,"IND-2013","MIA-2013"
2012,"third",3,101,91,"BOS-2012","MIA-2012"
2014,"second",4,96,102,"BKN-2014","MIA-2014"
2013,"third",4,99,92,"IND-2013","MIA-2013"
2011,"second",3,97,81,"BOS-2011","MIA-2011"
2007,"first",2,107,89,"CHI-2007","MIA-2007"
2011,"third",2,75,85,"CHI-2011","MIA-2011"
2011,"first",4,86,82,"PHI-2011","MIA-2011"
2011,"third",5,80,83,"CHI-2011","MIA-2011"
2016,"first",6,90,97,"CHA-2016","MIA-2016"
2012,"first",4,89,87,"NYK-2012","MIA-2012"
2011,"second",4,90,98,"BOS-2011","MIA-2011"
2014,"third",2,83,87,"IND-2014","MIA-2014"
2020,"third",1,114,117,"BOS-2020","MIA-2020"
2020,"third",5,121,108,"BOS-2020","MIA-2020"
2020,"second",5,94,103,"MIL-2020","MIA-2020"
2009,"first",2,93,108,"ATL-2009","MIA-2009"
2020,"first",2,100,109,"IND-2020","MIA-2020"
2011,"final",5,112,103,"DAL-2011","MIA-2011"
2013,"first",4,77,88,"MIL-2013","MIA-2013"
2007,"first",1,96,91,"CHI-2007","MIA-2007"
2010,"first",2,106,77,"BOS-2010","MIA-2010"
2014,"first",4,98,109,"CHA-2014","MIA-2014"
2013,"first",3,91,104,"MIL-2013","MIA-2013"
2010,"first",5,96,86,"BOS-2010","MIA-2010"
2016,"second",7,116,89,"TOR-2016","MIA-2016"
2020,"third",2,101,106,"BOS-2020","MIA-2020"
2013,"second",4,65,88,"CHI-2013","MIA-2013"
2013,"final",5,114,104,"SAS-2013","MIA-2013"
2011,"first",3,94,100,"PHI-2011","MIA-2011"
2016,"second",1,96,102,"TOR-2016","MIA-2016"
2018,"first",5,104,91,"PHI-2018","MIA-2018"
2014,"second",3,104,90,"BKN-2014","MIA-2014"
2013,"second",3,94,104,"CHI-2013","MIA-2013"
2014,"third",1,107,96,"IND-2014","MIA-2014"
2014,"final",1,110,95,"SAS-2014","MIA-2014"
2012,"second",4,93,101,"IND-2012","MIA-2012"
2016,"first",3,96,80,"CHA-2016","MIA-2016"
2012,"final",2,96,100,"OKC-2012","MIA-2012"
2020,"final",2,124,114,"LAL-2020","MIA-2020"
2011,"final",3,86,88,"DAL-2011","MIA-2011"
2012,"second",6,93,105,"IND-2012","MIA-2012"
2016,"second",2,96,92,"TOR-2016","MIA-2016"
2020,"final",5,108,111,"LAL-2020","MIA-2020"
2018,"first",1,130,103,"PHI-2018","MIA-2018"
2012,"final",1,105,94,"OKC-2012","MIA-2012"
2020,"first",1,101,113,"IND-2020","MIA-2020"
2012,"first",3,70,87,"NYK-2012","MIA-2012"
2009,"first",5,106,91,"ATL-2009","MIA-2009"
2020,"final",1,116,98,"LAL-2020","MIA-2020"
2013,"final",3,113,77,"SAS-2013","MIA-2013"
2009,"first",7,91,78,"ATL-2009","MIA-2009"
2012,"third",4,93,91,"BOS-2012","MIA-2012"
2012,"second",3,94,75,"IND-2012","MIA-2012"
2011,"third",1,103,82,"CHI-2011","MIA-2011"
2018,"first",2,103,113,"PHI-2018","MIA-2018"
2016,"first",4,89,85,"CHA-2016","MIA-2016"
2021,"first",1,109,107,"MIL-2021","MIA-2021"
2014,"first",3,85,98,"CHA-2014","MIA-2014"
2014,"third",5,93,90,"IND-2014","MIA-2014"
2009,"first",1,90,64,"ATL-2009","MIA-2009"
2014,"final",5,104,87,"SAS-2014","MIA-2014"
2012,"third",6,79,98,"BOS-2012","MIA-2012"
2021,"first",2,132,98,"MIL-2021","MIA-2021"
2013,"final",4,93,109,"SAS-2013","MIA-2013"
2013,"third",3,96,114,"IND-2013","MIA-2013"
2020,"second",2,114,116,"MIL-2020","MIA-2020"
2011,"final",4,86,83,"DAL-2011","MIA-2011"
2020,"second",1,104,115,"MIL-2020","MIA-2020"
2014,"final",2,96,98,"SAS-2014","MIA-2014"
2016,"second",5,99,91,"TOR-2016","MIA-2016"
2010,"first",1,85,76,"BOS-2010","MIA-2010"
2018,"first",1,113,107,"BOS-2018","MIL-2018"
2019,"second",4,101,113,"BOS-2019","MIL-2019"
2020,"first",3,107,121,"ORL-2020","MIL-2020"
2018,"first",5,92,87,"BOS-2018","MIL-2018"
2021,"final",5,123,119,"PHX-2021","MIL-2021"
2010,"first",2,96,86,"ATL-2010","MIL-2010"
2021,"second",5,114,108,"BKN-2021","MIL-2021"
2021,"final",2,108,118,"PHX-2021","MIL-2021"
2021,"third",3,102,113,"ATL-2021","MIL-2021"
2020,"second",3,115,100,"MIA-2020","MIL-2020"
2019,"third",6,100,94,"TOR-2019","MIL-2019"
2019,"third",3,118,112,"TOR-2019","MIL-2019"
2021,"third",4,110,88,"ATL-2021","MIL-2021"
2021,"second",2,125,86,"BKN-2021","MIL-2021"
2021,"second",1,115,107,"BKN-2021","MIL-2021"
2018,"first",2,120,106,"BOS-2018","MIL-2018"
2015,"first",2,91,82,"CHI-2015","MIL-2015"
2020,"second",4,115,118,"MIA-2020","MIL-2020"
2019,"first",4,104,127,"DET-2019","MIL-2019"
2013,"first",2,98,86,"MIA-2013","MIL-2013"
2013,"first",1,110,87,"MIA-2013","MIL-2013"
2021,"second",7,111,115,"BKN-2021","MIL-2021"
2019,"first",3,103,119,"DET-2019","MIL-2019"
2021,"first",3,84,113,"MIA-2021","MIL-2021"
2021,"third",6,107,118,"ATL-2021","MIL-2021"
2018,"first",7,112,96,"BOS-2018","MIL-2018"
2019,"second",3,116,123,"BOS-2019","MIL-2019"
2017,"first",5,118,93,"TOR-2017","MIL-2017"
2010,"first",7,95,74,"ATL-2010","MIL-2010"
2017,"first",1,83,97,"TOR-2017","MIL-2017"
2015,"first",5,88,94,"CHI-2015","MIL-2015"
2010,"first",5,87,91,"ATL-2010","MIL-2010"
2015,"first",1,103,91,"CHI-2015","MIL-2015"
2019,"third",4,120,102,"TOR-2019","MIL-2019"
2020,"first",4,106,121,"ORL-2020","MIL-2020"
2017,"first",2,106,100,"TOR-2017","MIL-2017"
2010,"first",1,102,92,"ATL-2010","MIL-2010"
2021,"first",4,103,120,"MIA-2021","MIL-2021"
2021,"final",1,105,118,"PHX-2021","MIL-2021"
2018,"first",5,122,104,"HOU-2018","MIN-2018"
2018,"first",2,102,82,"HOU-2018","MIN-2018"
2018,"first",1,104,101,"HOU-2018","MIN-2018"
2007,"second",2,102,92,"CLE-2007","BKN-2007"
2007,"first",1,91,96,"TOR-2007","BKN-2007"
2007,"second",1,81,77,"CLE-2007","BKN-2007"
2007,"first",2,89,83,"TOR-2007","BKN-2007"
2007,"second",5,72,83,"CLE-2007","BKN-2007"
2007,"first",5,98,96,"TOR-2007","BKN-2007"
2009,"first",5,107,86,"DEN-2009","NOP-2009"
2008,"first",3,97,87,"DAL-2008","NOP-2008"
2011,"first",1,100,109,"LAL-2011","NOP-2011"
2011,"first",5,106,90,"LAL-2011","NOP-2011"
2008,"second",3,110,99,"SAS-2008","NOP-2008"
2009,"first",2,108,93,"DEN-2009","NOP-2009"
2011,"first",2,87,78,"LAL-2011","NOP-2011"
2008,"first",4,84,97,"DAL-2008","NOP-2008"
2008,"second",6,99,80,"SAS-2008","NOP-2008"
2009,"first",1,113,84,"DEN-2009","NOP-2009"
2008,"second",4,100,80,"SAS-2008","NOP-2008"
2015,"first",2,97,87,"GSW-2015","NOP-2015"
2018,"first",1,95,97,"POR-2018","NOP-2018"
2018,"second",5,113,104,"GSW-2018","NOP-2018"
2015,"first",1,106,99,"GSW-2015","NOP-2015"
2018,"second",1,123,101,"GSW-2018","NOP-2018"
2018,"first",2,102,111,"POR-2018","NOP-2018"
2018,"second",2,121,116,"GSW-2018","NOP-2018"
2011,"first",2,96,93,"BOS-2011","NYK-2011"
2013,"first",6,80,88,"BOS-2013","NYK-2013"
2013,"second",6,106,99,"IND-2013","NYK-2013"
2012,"first",5,106,94,"MIA-2012","NYK-2012"
2012,"first",2,104,94,"MIA-2012","NYK-2012"
2011,"first",1,87,85,"BOS-2011","NYK-2011"
2021,"first",3,105,94,"ATL-2021","NYK-2021"
2013,"first",4,97,90,"BOS-2013","NYK-2013"
2013,"second",4,93,82,"IND-2013","NYK-2013"
2013,"first",3,76,90,"BOS-2013","NYK-2013"
2012,"first",1,100,67,"MIA-2012","NYK-2012"
2013,"second",3,82,71,"IND-2013","NYK-2013"
2021,"first",4,113,96,"ATL-2021","NYK-2021"
2013,"second",3,87,81,"MEM-2013","OKC-2013"
2012,"third",1,101,98,"SAS-2012","OKC-2012"
2011,"second",6,95,83,"MEM-2011","OKC-2011"
2011,"first",3,94,97,"DEN-2011","OKC-2011"
2012,"second",3,99,96,"LAL-2012","OKC-2012"
2013,"first",3,101,104,"HOU-2013","OKC-2013"
2011,"first",4,104,101,"DEN-2011","OKC-2011"
2019,"first",2,114,94,"POR-2019","OKC-2019"
2014,"first",4,89,92,"MEM-2014","OKC-2014"
2014,"second",4,101,99,"LAC-2014","OKC-2014"
2012,"third",2,120,111,"SAS-2012","OKC-2012"
2013,"first",4,105,103,"HOU-2013","OKC-2013"
2016,"second",1,124,92,"SAS-2016","OKC-2016"
2019,"first",1,104,99,"POR-2019","OKC-2019"
2014,"third",5,117,89,"SAS-2014","OKC-2014"
2017,"first",1,118,87,"HOU-2017","OKC-2017"
2016,"third",2,118,91,"GSW-2016","OKC-2016"
2010,"first",5,111,87,"LAL-2010","OKC-2010"
2014,"third",2,112,77,"SAS-2014","OKC-2014"
2011,"third",1,121,112,"DAL-2011","OKC-2011"
2012,"first",3,79,95,"DAL-2012","OKC-2012"
2010,"first",1,87,79,"LAL-2010","OKC-2010"
2014,"first",6,84,104,"MEM-2014","OKC-2014"
2010,"first",2,95,92,"LAL-2010","OKC-2010"
2013,"first",6,94,103,"HOU-2013","OKC-2013"
2012,"first",4,97,103,"DAL-2012","OKC-2012"
2014,"second",6,98,104,"LAC-2014","OKC-2014"
2016,"first",4,108,119,"DAL-2016","OKC-2016"
2016,"second",2,97,98,"SAS-2016","OKC-2016"
2020,"first",1,123,108,"HOU-2020","OKC-2020"
2014,"second",3,112,118,"LAC-2014","OKC-2014"
2020,"first",5,114,80,"HOU-2020","OKC-2020"
2013,"second",4,103,97,"MEM-2013","OKC-2013"
2016,"second",5,91,95,"SAS-2016","OKC-2016"
2016,"third",7,96,88,"GSW-2016","OKC-2016"
2018,"first",4,113,96,"UTA-2018","OKC-2018"
2012,"second",4,100,103,"LAL-2012","OKC-2012"
2012,"final",4,104,98,"MIA-2012","OKC-2012"
2018,"first",3,115,102,"UTA-2018","OKC-2018"
2018,"first",6,96,91,"UTA-2018","OKC-2018"
2011,"third",2,100,106,"DAL-2011","OKC-2011"
2017,"first",2,115,111,"HOU-2017","OKC-2017"
2020,"first",2,111,98,"HOU-2020","OKC-2020"
2011,"third",5,100,96,"DAL-2011","OKC-2011"
2019,"first",5,118,115,"POR-2019","OKC-2019"
2012,"final",3,91,85,"MIA-2012","OKC-2012"
2014,"third",1,122,105,"SAS-2014","OKC-2014"
2011,"second",3,101,93,"MEM-2011","OKC-2011"
2016,"third",1,102,108,"GSW-2016","OKC-2016"
2017,"first",5,105,99,"HOU-2017","OKC-2017"
2011,"second",4,123,133,"MEM-2011","OKC-2011"
2016,"first",3,102,131,"DAL-2016","OKC-2016"
2014,"first",3,98,95,"MEM-2014","OKC-2014"
2016,"third",5,120,111,"GSW-2016","OKC-2016"
2020,"first",7,104,102,"HOU-2020","OKC-2020"
2012,"third",5,103,108,"SAS-2012","OKC-2012"
2012,"final",5,121,106,"MIA-2012","OKC-2012"
2012,"first",2,93,78,"IND-2012","ORL-2012"
2009,"first",6,89,114,"PHI-2009","ORL-2009"
2008,"second",1,91,72,"DET-2008","ORL-2008"
2009,"third",1,106,107,"CLE-2009","ORL-2009"
2009,"first",4,81,84,"PHI-2009","ORL-2009"
2019,"first",1,101,104,"TOR-2019","ORL-2019"
2010,"second",3,75,105,"ATL-2010","ORL-2010"
2009,"second",5,92,88,"BOS-2009","ORL-2009"
2009,"final",1,100,75,"LAL-2009","ORL-2009"
2009,"second",7,82,101,"BOS-2009","ORL-2009"
2009,"first",3,96,94,"PHI-2009","ORL-2009"
2009,"second",1,90,95,"BOS-2009","ORL-2009"
2007,"first",1,100,92,"DET-2007","ORL-2007"
2007,"first",2,98,90,"DET-2007","ORL-2007"
2010,"first",3,86,90,"CHA-2010","ORL-2010"
2008,"first",3,108,94,"TOR-2008","ORL-2008"
2011,"first",3,88,84,"ATL-2011","ORL-2011"
2011,"first",4,88,85,"ATL-2011","ORL-2011"
2020,"first",5,118,104,"MIL-2020","ORL-2020"
2008,"first",4,94,106,"TOR-2008","ORL-2008"
2020,"first",1,110,122,"MIL-2020","ORL-2020"
2012,"first",5,105,87,"IND-2012","ORL-2012"
2010,"second",4,84,98,"ATL-2010","ORL-2010"
2010,"first",4,90,99,"CHA-2010","ORL-2010"
2019,"first",2,111,82,"TOR-2019","ORL-2019"
2010,"third",6,96,84,"BOS-2010","ORL-2010"
2012,"first",1,77,81,"IND-2012","ORL-2012"
2010,"third",3,94,71,"BOS-2010","ORL-2010"
2020,"first",2,111,96,"MIL-2020","ORL-2020"
2009,"final",2,101,96,"LAL-2009","ORL-2009"
2010,"third",4,92,96,"BOS-2010","ORL-2010"
2009,"third",5,112,102,"CLE-2009","ORL-2009"
2008,"second",2,100,93,"DET-2008","ORL-2008"
2019,"first",5,115,96,"TOR-2019","ORL-2019"
2009,"second",2,112,94,"BOS-2009","ORL-2009"
2009,"third",2,96,95,"CLE-2009","ORL-2009"
2008,"second",5,91,86,"DET-2008","ORL-2008"
2011,"first",6,84,81,"ATL-2011","ORL-2011"
2009,"first",5,91,78,"ORL-2009","PHI-2009"
2018,"first",4,102,106,"MIA-2018","PHI-2018"
2021,"second",3,111,127,"ATL-2021","PHI-2021"
2009,"first",1,98,100,"ORL-2009","PHI-2009"
2018,"second",1,117,101,"BOS-2018","PHI-2018"
2009,"first",2,96,87,"ORL-2009","PHI-2009"
2008,"first",2,105,88,"DET-2008","PHI-2008"
2021,"second",4,103,100,"ATL-2021","PHI-2021"
2021,"second",6,99,104,"ATL-2021","PHI-2021"
2021,"first",3,103,132,"WAS-2021","PHI-2021"
2019,"second",5,125,89,"TOR-2019","PHI-2019"
2018,"first",3,108,128,"MIA-2018","PHI-2018"
2008,"first",1,86,90,"DET-2008","PHI-2008"
2012,"first",5,77,69,"CHI-2012","PHI-2012"
2019,"first",4,108,112,"BKN-2019","PHI-2019"
2008,"first",5,98,81,"DET-2008","PHI-2008"
2020,"first",2,128,101,"BOS-2020","PHI-2020"
2012,"second",7,85,75,"BOS-2012","PHI-2012"
2019,"second",1,108,95,"TOR-2019","PHI-2019"
2012,"first",2,92,109,"CHI-2012","PHI-2012"
2011,"first",5,97,91,"MIA-2011","PHI-2011"
2021,"first",4,122,114,"WAS-2021","PHI-2021"
2019,"second",7,92,90,"TOR-2019","PHI-2019"
2011,"first",1,97,89,"MIA-2011","PHI-2011"
2012,"first",1,103,91,"CHI-2012","PHI-2012"
2012,"second",1,92,91,"BOS-2012","PHI-2012"
2019,"first",3,115,131,"BKN-2019","PHI-2019"
2011,"first",2,94,73,"MIA-2011","PHI-2011"
2020,"first",1,109,101,"BOS-2020","PHI-2020"
2012,"second",5,101,85,"BOS-2012","PHI-2012"
2012,"second",2,81,82,"BOS-2012","PHI-2012"
2019,"second",2,89,94,"TOR-2019","PHI-2019"
2018,"second",5,114,112,"BOS-2018","PHI-2018"
2018,"second",2,108,103,"BOS-2018","PHI-2018"
2021,"first",3,109,95,"LAL-2021","PHX-2021"
2021,"third",3,106,92,"LAC-2021","PHX-2021"
2008,"first",2,102,96,"SAS-2008","PHX-2008"
2007,"second",6,114,106,"SAS-2007","PHX-2007"
2010,"third",1,128,107,"LAL-2010","PHX-2010"
2021,"third",6,103,130,"LAC-2021","PHX-2021"
2010,"third",2,124,112,"LAL-2010","PHX-2010"
2007,"first",3,95,89,"LAL-2007","PHX-2007"
2021,"third",4,80,84,"LAC-2021","PHX-2021"
2010,"first",3,89,108,"POR-2010","PHX-2010"
2021,"final",4,103,109,"MIL-2021","PHX-2021"
2021,"final",6,98,105,"MIL-2021","PHX-2021"
2021,"first",6,100,113,"LAL-2021","PHX-2021"
2010,"second",3,96,110,"SAS-2010","PHX-2010"
2007,"first",4,100,113,"LAL-2007","PHX-2007"
2021,"final",3,100,120,"MIL-2021","PHX-2021"
2010,"third",5,103,101,"LAL-2010","PHX-2010"
2007,"second",4,98,104,"SAS-2007","PHX-2007"
2010,"first",6,90,99,"POR-2010","PHX-2010"
2021,"first",4,92,100,"LAL-2021","PHX-2021"
2008,"first",5,92,87,"SAS-2008","PHX-2008"
2008,"first",1,117,115,"SAS-2008","PHX-2008"
2010,"first",4,96,87,"POR-2010","PHX-2010"
2021,"second",3,102,116,"DEN-2021","PHX-2021"
2010,"second",4,101,107,"SAS-2010","PHX-2010"
2021,"second",4,118,125,"DEN-2021","PHX-2021"
2007,"second",3,108,101,"SAS-2007","PHX-2007"
2020,"first",1,93,100,"LAL-2020","POR-2020"
2014,"first",1,120,122,"HOU-2014","POR-2014"
2009,"first",3,86,83,"HOU-2009","POR-2009"
2019,"first",4,98,111,"OKC-2019","POR-2019"
2017,"first",2,110,81,"GSW-2017","POR-2017"
2016,"first",1,115,95,"LAC-2016","POR-2016"
2009,"first",6,92,76,"HOU-2009","POR-2009"
2019,"second",7,96,100,"DEN-2019","POR-2019"
2011,"first",1,89,81,"DAL-2011","POR-2011"
2021,"first",5,147,140,"DEN-2021","POR-2021"
2010,"first",5,107,88,"PHX-2010","POR-2010"
2021,"first",2,128,109,"DEN-2021","POR-2021"
2016,"second",1,118,106,"GSW-2016","POR-2016"
2016,"first",5,98,108,"LAC-2016","POR-2016"
2010,"first",1,100,105,"PHX-2010","POR-2010"
2020,"first",2,111,88,"LAL-2020","POR-2020"
2015,"first",5,99,93,"MEM-2015","POR-2015"
2019,"second",5,124,98,"DEN-2019","POR-2019"
2019,"third",2,114,111,"GSW-2019","POR-2019"
2015,"first",2,97,82,"MEM-2015","POR-2015"
2011,"first",5,93,82,"DAL-2011","POR-2011"
2019,"second",2,90,97,"DEN-2019","POR-2019"
2015,"first",1,100,86,"MEM-2015","POR-2015"
2016,"second",2,110,99,"GSW-2016","POR-2016"
2019,"first",3,120,108,"OKC-2019","POR-2019"
2018,"first",3,119,102,"NOP-2018","POR-2018"
2016,"second",5,125,121,"GSW-2016","POR-2016"
2014,"second",1,116,92,"SAS-2014","POR-2014"
2017,"first",1,121,109,"GSW-2017","POR-2017"
2016,"first",2,102,81,"LAC-2016","POR-2016"
2014,"first",2,105,112,"HOU-2014","POR-2014"
2020,"first",5,131,122,"LAL-2020","POR-2020"
2018,"first",4,131,123,"NOP-2018","POR-2018"
2010,"first",2,119,90,"PHX-2010","POR-2010"
2014,"second",2,114,97,"SAS-2014","POR-2014"
2019,"second",1,121,113,"DEN-2019","POR-2019"
2014,"first",5,108,98,"HOU-2014","POR-2014"
2014,"second",5,104,82,"SAS-2014","POR-2014"
2019,"third",1,116,94,"GSW-2019","POR-2019"
2011,"first",2,101,89,"DAL-2011","POR-2011"
2009,"first",4,89,88,"HOU-2009","POR-2009"
2021,"first",1,109,123,"DEN-2021","POR-2021"
2010,"second",1,111,102,"PHX-2010","SAS-2010"
2007,"second",1,106,111,"PHX-2007","SAS-2007"
2016,"second",3,96,100,"OKC-2016","SAS-2016"
2008,"second",5,101,79,"NOP-2008","SAS-2008"
2019,"first",7,90,86,"DEN-2019","SAS-2019"
2007,"second",2,101,81,"PHX-2007","SAS-2007"
2008,"first",3,99,115,"PHX-2008","SAS-2008"
2018,"first",2,116,101,"GSW-2018","SAS-2018"
2007,"final",3,72,75,"CLE-2007","SAS-2007"
2007,"third",4,79,91,"UTA-2007","SAS-2007"
2012,"first",3,90,102,"UTA-2012","SAS-2012"
2014,"third",6,107,112,"OKC-2014","SAS-2014"
2014,"second",4,103,92,"POR-2014","SAS-2014"
2016,"second",6,113,99,"OKC-2016","SAS-2016"
2013,"first",3,89,120,"LAL-2013","SAS-2013"
2017,"second",4,125,104,"HOU-2017","SAS-2017"
2012,"third",4,109,103,"OKC-2012","SAS-2012"
2019,"first",2,114,105,"DEN-2019","SAS-2019"
2013,"third",4,86,93,"MEM-2013","SAS-2013"
2019,"first",1,96,101,"DEN-2019","SAS-2019"
2013,"first",4,82,103,"LAL-2013","SAS-2013"
2017,"second",6,75,114,"HOU-2017","SAS-2017"
2016,"second",4,111,97,"OKC-2016","SAS-2016"
2010,"first",5,103,81,"DAL-2010","SAS-2010"
2010,"second",2,110,102,"PHX-2010","SAS-2010"
2012,"third",6,107,99,"OKC-2012","SAS-2012"
2007,"second",5,85,88,"PHX-2007","SAS-2007"
2018,"first",1,113,92,"GSW-2018","SAS-2018"
2013,"final",2,103,84,"MIA-2013","SAS-2013"
2018,"first",5,99,91,"GSW-2018","SAS-2018"
2012,"first",4,81,87,"UTA-2012","SAS-2012"
2009,"first",3,88,67,"DAL-2009","SAS-2009"
2010,"first",1,100,94,"DAL-2010","SAS-2010"
2013,"second",4,97,87,"GSW-2013","SAS-2013"
2013,"final",7,95,88,"MIA-2013","SAS-2013"
2010,"first",2,88,102,"DAL-2010","SAS-2010"
2008,"third",1,89,85,"LAL-2008","SAS-2008"
2014,"first",6,113,111,"DAL-2014","SAS-2014"
2013,"third",3,93,104,"MEM-2013","SAS-2013"
2009,"first",4,99,90,"DAL-2009","SAS-2009"
2014,"third",4,105,92,"OKC-2014","SAS-2014"
2011,"first",4,104,86,"MEM-2011","SAS-2011"
2013,"second",6,82,94,"GSW-2013","SAS-2013"
2019,"first",5,108,90,"DEN-2019","SAS-2019"
2015,"first",7,111,109,"LAC-2015","SAS-2015"
2011,"first",6,99,91,"MEM-2011","SAS-2011"
2013,"second",3,92,102,"GSW-2013","SAS-2013"
2014,"first",4,89,93,"DAL-2014","SAS-2014"
2008,"first",4,105,86,"PHX-2008","SAS-2008"
2014,"second",3,103,118,"POR-2014","SAS-2014"
2013,"final",1,88,92,"MIA-2013","SAS-2013"
2017,"first",6,96,103,"MEM-2017","SAS-2017"
2007,"third",3,109,83,"UTA-2007","SAS-2007"
2015,"first",1,107,92,"LAC-2015","SAS-2015"
2012,"second",3,86,96,"LAC-2012","SAS-2012"
2017,"third",1,113,111,"GSW-2017","SAS-2017"
2008,"third",5,100,92,"LAL-2008","SAS-2008"
2014,"third",3,106,97,"OKC-2014","SAS-2014"
2007,"first",3,91,96,"DEN-2007","SAS-2007"
2013,"final",6,103,100,"MIA-2013","SAS-2013"
2008,"second",1,101,82,"NOP-2008","SAS-2008"
2017,"first",4,110,108,"MEM-2017","SAS-2017"
2015,"first",2,107,111,"LAC-2015","SAS-2015"
2014,"final",3,92,111,"MIA-2014","SAS-2014"
2008,"second",2,102,84,"NOP-2008","SAS-2008"
2016,"first",3,87,96,"MEM-2016","SAS-2016"
2012,"second",4,99,102,"LAC-2012","SAS-2012"
2008,"second",7,82,91,"NOP-2008","SAS-2008"
2017,"third",2,136,100,"GSW-2017","SAS-2017"
2011,"first",3,91,88,"MEM-2011","SAS-2011"
2007,"final",4,82,83,"CLE-2007","SAS-2007"
2016,"first",4,95,116,"MEM-2016","SAS-2016"
2007,"first",4,89,96,"DEN-2007","SAS-2007"
2017,"first",3,105,94,"MEM-2017","SAS-2017"
2008,"third",2,101,71,"LAL-2008","SAS-2008"
2014,"final",4,86,107,"MIA-2014","SAS-2014"
2014,"first",3,109,108,"DAL-2014","SAS-2014"
2015,"first",5,107,111,"LAC-2015","SAS-2015"
2012,"third",3,102,82,"OKC-2012","SAS-2012"
2017,"second",3,92,103,"HOU-2017","SAS-2017"
2018,"first",6,92,102,"WAS-2018","TOR-2018"
2014,"first",6,97,83,"BKN-2014","TOR-2014"
2019,"third",1,108,100,"MIL-2019","TOR-2019"
2019,"third",5,99,105,"MIL-2019","TOR-2019"
2015,"first",4,125,94,"WAS-2015","TOR-2015"
2016,"second",3,91,95,"MIA-2016","TOR-2016"
2019,"third",2,125,103,"MIL-2019","TOR-2019"
2018,"second",4,128,93,"CLE-2018","TOR-2018"
2016,"second",4,94,87,"MIA-2016","TOR-2016"
2015,"first",3,106,99,"WAS-2015","TOR-2015"
2019,"second",3,116,95,"PHI-2019","TOR-2019"
2016,"first",6,101,83,"IND-2016","TOR-2016"
2017,"second",1,116,105,"CLE-2017","TOR-2017"
2014,"first",3,102,98,"BKN-2014","TOR-2014"
2020,"second",4,93,100,"BOS-2020","TOR-2020"
2016,"third",5,116,78,"CLE-2016","TOR-2016"
2020,"second",6,122,125,"BOS-2020","TOR-2020"
2016,"third",2,108,89,"CLE-2016","TOR-2016"
2018,"second",3,105,103,"CLE-2018","TOR-2018"
2016,"second",6,103,91,"MIA-2016","TOR-2016"
2019,"first",3,93,98,"ORL-2019","TOR-2019"
2007,"first",4,102,81,"BKN-2007","TOR-2007"
2017,"first",6,89,92,"MIL-2017","TOR-2017"
2017,"first",4,76,87,"MIL-2017","TOR-2017"
2016,"third",1,115,84,"CLE-2016","TOR-2016"
2017,"second",2,125,103,"CLE-2017","TOR-2017"
2016,"first",3,85,101,"IND-2016","TOR-2016"
2008,"first",1,114,100,"ORL-2008","TOR-2008"
2017,"first",3,104,77,"MIL-2017","TOR-2017"
2019,"first",4,85,107,"ORL-2019","TOR-2019"
2019,"final",4,92,105,"GSW-2019","TOR-2019"
2019,"second",4,96,101,"PHI-2019","TOR-2019"
2019,"final",3,109,123,"GSW-2019","TOR-2019"
2019,"second",6,112,101,"PHI-2019","TOR-2019"
2014,"first",4,79,87,"BKN-2014","TOR-2014"
2008,"first",5,102,92,"ORL-2008","TOR-2008"
2018,"first",4,106,98,"WAS-2018","TOR-2018"
2008,"first",2,104,103,"ORL-2008","TOR-2008"
2019,"final",6,110,114,"GSW-2019","TOR-2019"
2020,"second",3,103,104,"BOS-2020","TOR-2020"
2007,"first",3,102,89,"BKN-2007","TOR-2007"
2020,"first",3,92,117,"BKN-2020","TOR-2020"
2018,"first",3,122,103,"WAS-2018","TOR-2018"
2007,"first",6,98,97,"BKN-2007","TOR-2007"
2016,"first",4,100,83,"IND-2016","TOR-2016"
2020,"first",4,122,150,"BKN-2020","TOR-2020"
2020,"first",1,135,125,"DEN-2020","UTA-2020"
2010,"second",2,111,103,"LAL-2010","UTA-2010"
2008,"second",5,111,104,"LAL-2008","UTA-2008"
2018,"first",1,116,108,"OKC-2018","UTA-2018"
2017,"first",5,92,96,"LAC-2017","UTA-2017"
2007,"third",5,109,84,"SAS-2007","UTA-2007"
2017,"second",2,115,104,"GSW-2017","UTA-2017"
2017,"first",7,91,104,"LAC-2017","UTA-2017"
2021,"second",3,132,106,"LAC-2021","UTA-2021"
2021,"first",3,111,121,"MEM-2021","UTA-2021"
2012,"first",1,106,91,"SAS-2012","UTA-2012"
2020,"first",7,80,78,"DEN-2020","UTA-2020"
2007,"third",2,105,96,"SAS-2007","UTA-2007"
2007,"third",1,108,100,"SAS-2007","UTA-2007"
2021,"second",6,131,119,"LAC-2021","UTA-2021"
2017,"first",1,95,97,"LAC-2017","UTA-2017"
2009,"first",1,113,100,"LAL-2009","UTA-2009"
2012,"first",2,114,83,"SAS-2012","UTA-2012"
2019,"first",2,118,98,"HOU-2019","UTA-2019"
2010,"first",2,111,114,"DEN-2010","UTA-2010"
2008,"second",2,120,110,"LAL-2008","UTA-2008"
2020,"first",5,117,107,"DEN-2020","UTA-2020"
2008,"second",1,109,98,"LAL-2008","UTA-2008"
2018,"first",2,95,102,"OKC-2018","UTA-2018"
2007,"first",7,99,103,"HOU-2007","UTA-2007"
2008,"first",5,95,69,"HOU-2008","UTA-2008"
2010,"second",1,104,99,"LAL-2010","UTA-2010"
2017,"second",1,106,94,"GSW-2017","UTA-2017"
2021,"first",4,113,120,"MEM-2021","UTA-2021"
2007,"first",1,84,75,"HOU-2007","UTA-2007"
2010,"first",1,126,113,"DEN-2010","UTA-2010"
2017,"first",2,99,91,"LAC-2017","UTA-2017"
2008,"first",1,82,93,"HOU-2008","UTA-2008"
2008,"first",2,84,90,"HOU-2008","UTA-2008"
2018,"second",1,110,96,"HOU-2018","UTA-2018"
2018,"second",2,108,116,"HOU-2018","UTA-2018"
2020,"first",2,105,124,"DEN-2020","UTA-2020"
2007,"first",5,96,92,"HOU-2007","UTA-2007"
2010,"first",5,116,102,"DEN-2010","UTA-2010"
2007,"second",3,125,105,"GSW-2007","UTA-2007"
2019,"first",1,122,90,"HOU-2019","UTA-2019"
2019,"first",5,100,93,"HOU-2019","UTA-2019"
2009,"first",5,107,96,"LAL-2009","UTA-2009"
2018,"second",5,112,102,"HOU-2018","UTA-2018"
2009,"first",2,119,109,"LAL-2009","UTA-2009"
2018,"first",5,107,99,"OKC-2018","UTA-2018"
2007,"first",2,98,90,"HOU-2007","UTA-2007"
2021,"second",4,118,104,"LAC-2021","UTA-2021"
2007,"second",4,101,115,"GSW-2007","UTA-2007"
2017,"first",6,99,115,"ATL-2017","WAS-2017"
2017,"second",5,123,101,"BOS-2017","WAS-2017"
2021,"first",1,125,118,"PHI-2021","WAS-2021"
2021,"first",5,129,112,"PHI-2021","WAS-2021"
2007,"first",1,97,82,"CLE-2007","WAS-2007"
2015,"second",2,106,90,"ATL-2015","WAS-2015"
2018,"first",5,108,98,"TOR-2018","WAS-2018"
2017,"second",1,123,111,"BOS-2017","WAS-2017"
2017,"first",4,111,101,"ATL-2017","WAS-2017"
2017,"second",2,129,119,"BOS-2017","WAS-2017"
2014,"first",2,99,101,"CHI-2014","WAS-2014"
2018,"first",1,114,106,"TOR-2018","WAS-2018"
2007,"first",2,109,102,"CLE-2007","WAS-2007"
2008,"first",5,87,88,"CLE-2008","WAS-2008"
2017,"second",7,115,105,"BOS-2017","WAS-2017"
2021,"first",2,120,95,"PHI-2021","WAS-2021"
2008,"first",2,116,86,"CLE-2008","WAS-2008"
2014,"first",1,93,102,"CHI-2014","WAS-2014"
2015,"second",5,82,81,"ATL-2015","WAS-2015"
2015,"first",2,106,117,"TOR-2015","WAS-2015"
2014,"second",5,79,102,"IND-2014","WAS-2014"
2015,"first",1,86,93,"TOR-2015","WAS-2015"
2015,"second",1,98,104,"ATL-2015","WAS-2015"
2014,"second",1,96,102,"IND-2014","WAS-2014"
2017,"first",3,116,98,"ATL-2017","WAS-2017"
2008,"first",1,93,86,"CLE-2008","WAS-2008"
2018,"first",2,130,119,"TOR-2018","WAS-2018"
2014,"first",5,69,75,"CHI-2014","WAS-2014"
2014,"second",2,86,82,"IND-2014","WAS-2014"
